Id,Marca,Modelo,Anio
1,Mazda,Miata MX-5,1995
2,Infiniti,FX,2009
3,Infiniti,M,2012
4,Chrysler,Sebring,2005
5,Audi,Q5,2009
6,Mazda,Millenia,2000
7,Audi,4000s Quattro,1986
8,Buick,Enclave,2009
9,Nissan,Sentra,1997
10,Dodge,Dakota,2006
11,BMW,1 Series,2009
12,Land Rover,Range Rover,1992
13,Audi,Coupe Quattro,1991
14,Suzuki,XL7,2007
15,Volkswagen,Golf,1976
16,Infiniti,I,1996
17,Mitsubishi,Pajero,1988
18,Dodge,Grand Caravan,1999
19,Acura,TSX,2005
20,Mitsubishi,Galant,2010
21,Toyota,Tercel,1993
22,Isuzu,Rodeo Sport,2001
23,Saab,900,1988
24,Mazda,MX-6,1993
25,Honda,Odyssey,2004
26,Lexus,LX,2000
27,BMW,X5,2009
28,Geo,Tracker,1997
29,Geo,Prizm,1997
30,GMC,Yukon XL 1500,2002
31,Buick,Electra,1989
32,Infiniti,QX56,2008
33,BMW,745,2004
34,Volkswagen,Corrado,1993
35,Mitsubishi,Lancer,2004
36,Hyundai,Genesis,2011
37,Chevrolet,Silverado 2500,1999
38,Saab,9-4X,2011
39,Infiniti,Q,2006
40,Ford,Mustang,2000
41,Audi,A4,2001
42,Ford,Festiva,1993
43,Ford,Taurus,2002
44,Cadillac,Escalade,2006
45,BMW,M6,2007
46,Saab,9-5,2002
47,GMC,Vandura 3500,1993
48,Plymouth,Reliant,1981
49,GMC,Jimmy,1996
50,Mitsubishi,Outlander,2007
51,Acura,Integra,1988
52,Ford,Contour,1995
53,Cadillac,CTS-V,2009
54,Ford,Bronco,1995
55,Audi,V8,1992
56,Chevrolet,Aveo,2008
57,Cadillac,CTS,2006
58,Ford,Ranger,1997
59,Dodge,Ram 1500,2010
60,Mazda,Tribute,2002
61,Daihatsu,Charade,1992
62,Audi,S4,1992
63,Mercury,Grand Marquis,2011
64,Mitsubishi,Lancer Evolution,2004
65,BMW,600,1958
66,Volkswagen,Scirocco,1985
67,Dodge,Ram 1500,1998
68,Austin,Mini Cooper S,1963
69,Volkswagen,GTI,1988
70,Mazda,626,1999
71,Jeep,Grand Cherokee,2000
72,Ford,Explorer,2001
73,Ford,Econoline E250,2001
74,GMC,Sonoma Club,1992
75,Volvo,C70,2003
76,GMC,Savana 2500,2010
77,Volkswagen,Touareg,2008
78,Chevrolet,Astro,1992
79,Acura,ZDX,2011
80,Hyundai,Accent,2001
81,Dodge,Ram Wagon B250,1993
82,Ford,Mustang,1992
83,GMC,Suburban 1500,1996
84,Mitsubishi,Galant,2009
85,BMW,Z3,1999
86,Infiniti,QX,2012
87,Subaru,Justy,1990
88,Mercury,Lynx,1984
89,Ford,Econoline E150,1996
90,Toyota,Land Cruiser,2001
91,Lincoln,MKX,2013
92,Cadillac,Fleetwood,1996
93,Lincoln,MKX,2009
94,Audi,Coupe Quattro,1990
95,Ford,Festiva,1988
96,Dodge,D150,1993
97,Plymouth,Colt Vista,1993
98,Lamborghini,Gallardo,2007
99,Nissan,200SX,1996
100,Ford,Fairlane,1967
101,Chevrolet,Monte Carlo,1995
102,Mercedes-Benz,CLK-Class,2007
103,Suzuki,Samurai,1992
104,Eagle,Vision,1995
105,Suzuki,Swift,1993
106,Porsche,Cayman,2012
107,Saab,900,1986
108,Nissan,Maxima,2009
109,Hyundai,Scoupe,1993
110,Chrysler,Sebring,2003
111,GMC,Suburban 1500,1997
112,Hyundai,Sonata,2011
113,Shelby,GT500,1968
114,Volkswagen,Phaeton,2006
115,Dodge,Ram 3500,2005
116,Nissan,Altima,2005
117,Bentley,Continental GT,2009
118,Isuzu,i-290,2008
119,Volvo,S40,2003
120,Ford,Crown Victoria,2008
121,Mazda,Protege,1996
122,Mercedes-Benz,M-Class,2004
123,Ford,Mustang,2005
124,Toyota,4Runner,1998
125,Buick,Rendezvous,2005
126,Audi,R8,2011
127,Dodge,Ram 1500 Club,2000
128,Ford,Laser,1984
129,Hyundai,Veloster,2012
130,Buick,Reatta,1990
131,Pontiac,GTO,1964
132,Porsche,Cayman,2008
133,Cadillac,CTS-V,2012
134,BMW,325,2006
135,Buick,Century,1985
136,Land Rover,Discovery,2002
137,Hyundai,Genesis,2010
138,Pontiac,Grand Prix,1998
139,Hyundai,Santa Fe,2001
140,Chrysler,New Yorker,1992
141,Chevrolet,Astro,1992
142,Lincoln,Aviator,2003
143,Honda,CR-V,2002
144,Audi,RS 4,2007
145,Cadillac,Eldorado,2001
146,Nissan,Sentra,2001
147,Pontiac,6000,1988
148,Mercury,Villager,1999
149,Mercedes-Benz,CL-Class,2009
150,Oldsmobile,Silhouette,2001
151,Toyota,Camry,2005
152,Volvo,XC60,2011
153,Volkswagen,Phaeton,2004
154,Daewoo,Leganza,2002
155,Honda,Element,2004
156,Chrysler,300,2007
157,Hyundai,Tiburon,2007
158,Chevrolet,Silverado 1500,2000
159,Ford,E250,2005
160,Ford,Mustang,1993
161,Volvo,940,1994
162,Mazda,323,1994
163,Lexus,GS,1999
164,Nissan,Frontier,2006
165,Cadillac,STS,2006
166,Toyota,Xtra,1993
167,Mercury,Marquis,1984
168,Mercedes-Benz,SLS AMG,2012
169,Saab,900,1994
170,Toyota,Tundra,2010
171,Saab,9-3,2007
172,Isuzu,i-Series,2006
173,Volvo,V50,2006
174,Mazda,Miata MX-5,2009
175,Volkswagen,Golf,1985
176,Pontiac,Firefly,1984
177,Audi,90,1989
178,Dodge,Dakota Club,1997
179,Chevrolet,G-Series 2500,1998
180,Nissan,Maxima,2000
181,Chevrolet,Cobalt,2005
182,Honda,Civic,2010
183,Buick,Century,2002
184,Aston Martin,Vantage,2009
185,Ford,Taurus,2004
186,Mercury,Mountaineer,2010
187,Volvo,C70,2012
188,Kia,Sorento,2007
189,Pontiac,Vibe,2009
190,Mazda,Mazda5,2008
191,Buick,Skyhawk,1986
192,Hummer,H2,2006
193,Toyota,Prius v,2012
194,Audi,S4,1993
195,Mitsubishi,Montero Sport,2000
196,Mazda,Mazdaspeed6,2006
197,Mercedes-Benz,CLK-Class,2003
198,Chevrolet,Camaro,1992
199,Mercedes-Benz,SL-Class,1998
200,Mitsubishi,Eclipse,1996
201,Saturn,Sky,2009
202,Plymouth,Acclaim,1993
203,Oldsmobile,88,1996
204,Jeep,Compass,2010
205,Toyota,Celica,1996
206,Land Rover,Discovery,1994
207,Subaru,XT,1987
208,Volvo,S40,2002
209,Citroën,2CV,1948
210,Mercury,Cougar,1995
211,Audi,RS 4,2008
212,Geo,Tracker,1996
213,Mercedes-Benz,S-Class,2007
214,Saab,900,1984
215,Volkswagen,Passat,2010
216,Ford,Focus,2003
217,Suzuki,SJ,1988
218,Dodge,Ram 2500,2008
219,Honda,Accord,1986
220,Lexus,IS,2007
221,Toyota,Corolla,2006
222,Mazda,B-Series Plus,1997
223,Ford,Ranger,1990
224,Mercedes-Benz,600SEL,1992
225,Toyota,Solara,2000
226,Lincoln,Navigator L,2008
227,Lotus,Exige,2009
228,Pontiac,Grand Prix,1981
229,Dodge,Avenger,2010
230,GMC,2500 Club Coupe,1992
231,Chrysler,Fifth Ave,1992
232,Chevrolet,Impala,1995
233,Lincoln,Continental,1996
234,Daewoo,Lanos,2002
235,Cadillac,Escalade EXT,2009
236,Ford,Mustang,1980
237,Chevrolet,Astro,1999
238,Subaru,Outback,2012
239,Chevrolet,Suburban 2500,2004
240,BMW,5 Series,1992
241,Chevrolet,Impala,2005
242,Buick,Century,1991
243,Mitsubishi,Endeavor,2010
244,Ford,Aerostar,1997
245,Jeep,Patriot,2011
246,Oldsmobile,Intrigue,1998
247,Aston Martin,DB9,2006
248,Chevrolet,Colorado,2006
249,Pontiac,GTO,1972
250,Ford,Econoline E250,1992
251,Toyota,Corolla,2007
252,Lincoln,Continental,1998
253,Chevrolet,Silverado 1500,2010
254,GMC,Sonoma Club Coupe,1997
255,BMW,X5,2013
256,Toyota,Corolla,2007
257,Land Rover,Range Rover,2005
258,Toyota,Celica,1983
259,Volkswagen,riolet,1992
260,Mitsubishi,Endeavor,2011
261,Ford,Bronco,1990
262,Dodge,Viper,2000
263,Mitsubishi,3000GT,1996
264,Volkswagen,Type 2,1988
265,Mercedes-Benz,S-Class,1999
266,Mitsubishi,Mirage,1998
267,Volkswagen,New Beetle,2010
268,Volkswagen,Golf,1987
269,Volvo,C30,2010
270,Volkswagen,Fox,1992
271,Buick,Regal,1990
272,Geo,Prizm,1997
273,Pontiac,Firebird,1984
274,Mercedes-Benz,E-Class,1989
275,Cadillac,Escalade ESV,2012
276,Chevrolet,Avalanche 1500,2006
277,Volvo,V70,2004
278,Porsche,Cayman,2011
279,Ford,Fiesta,2012
280,Mitsubishi,GTO,1995
281,Mercedes-Benz,SL-Class,1988
282,Suzuki,XL7,2008
283,Acura,Legend,1988
284,Cadillac,Escalade,2006
285,Ford,E-Series,1989
286,Cadillac,DeVille,1999
287,GMC,Acadia,2008
288,Toyota,FJ Cruiser,2008
289,Saab,9-2X,2005
290,Subaru,Outback,2006
291,Acura,MDX,2004
292,Audi,S4,2011
293,Chrysler,Cirrus,1996
294,Mercedes-Benz,SLR McLaren,2006
295,Ford,Bronco,1995
296,Kia,Spectra,2006
297,Suzuki,Samurai,1992
298,BMW,8 Series,1996
299,Volvo,C70,2009
300,Chevrolet,TrailBlazer,2004
301,Pontiac,GTO,1966
302,Chevrolet,Avalanche 2500,2003
303,Land Rover,Range Rover,2011
304,Saab,9000,1989
305,Infiniti,G35,2008
306,Buick,Skylark,1995
307,Mazda,CX-9,2007
308,Dodge,Nitro,2009
309,Kia,Mentor,1997
310,Lotus,Elise,2008
311,Ford,Fusion,2010
312,Chrysler,Cirrus,1998
313,Mitsubishi,Truck,1994
314,Ram,1500,2012
315,Acura,TL,2002
316,Ford,Club Wagon,1996
317,Lexus,IS,2002
318,Volvo,XC70,2006
319,Mazda,B-Series,2003
320,Pontiac,Grand Prix,1974
321,Dodge,Ram 1500 Club,2000
322,Porsche,911,1990
323,Chevrolet,K5 Blazer,1995
324,BMW,645,2004
325,Maserati,Coupe,2006
326,Mitsubishi,Montero,2001
327,Porsche,911,1993
328,Audi,90,1988
329,Chrysler,Town & Country,1996
330,Audi,A4,2002
331,Toyota,Previa,1992
332,Porsche,Boxster,2013
333,Ford,Ranger,2004
334,Pontiac,Bonneville,2001
335,Dodge,Grand Caravan,1996
336,Mitsubishi,Eclipse,1993
337,Mazda,Mazdaspeed 3,2008
338,Toyota,Land Cruiser,2000
339,Toyota,Sienna,1998
340,Honda,S2000,2008
341,GMC,Savana 3500,2004
342,Chevrolet,Equinox,2007
343,Volkswagen,Cabriolet,1996
344,Mazda,MPV,1995
345,Ford,Festiva,1993
346,BMW,5 Series,1998
347,Aston Martin,Vantage,2010
348,Acura,TL,2007
349,Porsche,Cayenne,2004
350,BMW,530,2006
351,Bentley,Continental,2011
352,Nissan,NV1500,2012
353,Mercedes-Benz,CL-Class,1999
354,Lincoln,Continental,1991
355,Ford,E250,1984
356,Infiniti,Q,1995
357,Suzuki,Swift,1990
358,Subaru,Forester,2007
359,BMW,X5,2010
360,Pontiac,Firebird,1985
361,Pontiac,Fiero,1987
362,Mazda,MX-6,1993
363,Acura,Legend,1989
364,BMW,Z3,1998
365,Mitsubishi,GTO,1998
366,Buick,Century,1988
367,Mitsubishi,Challenger,2001
368,Chrysler,Sebring,2004
369,Mitsubishi,Galant,1990
370,Dodge,Caravan,1996
371,Pontiac,Sunfire,2005
372,Mazda,Mazda3,2011
373,Honda,Insight,2011
374,Toyota,Prius,2009
375,Dodge,Ram 3500,1999
376,Acura,RSX,2002
377,Pontiac,Tempest,1966
378,Volvo,S40,2002
379,Volkswagen,GTI,1995
380,Mazda,MX-6,1992
381,Mitsubishi,Truck,1993
382,Cadillac,Eldorado,1995
383,GMC,Sierra 1500,2007
384,Mitsubishi,Sigma,1989
385,Suzuki,Sidekick,1994
386,Pontiac,Sunbird,1990
387,Audi,A8,2010
388,Lexus,LS,2007
389,Maserati,GranTurismo,2008
390,Toyota,Land Cruiser,2007
391,Lincoln,Continental,1984
392,Chevrolet,Sportvan G10,1992
393,Mitsubishi,Montero,2002
394,Buick,Skylark,1998
395,Acura,TL,2001
396,Infiniti,QX,1998
397,Toyota,Land Cruiser,2007
398,Hummer,H3T,2010
399,Plymouth,Neon,2001
400,Mitsubishi,Montero,2002
401,Kia,Spectra,2005
402,Kia,Rio,2009
403,Isuzu,Ascender,2004
404,Volkswagen,Cabriolet,2001
405,Ford,Taurus,2008
406,Subaru,SVX,1993
407,Porsche,Boxster,2006
408,Chevrolet,Silverado,2007
409,Volkswagen,New Beetle,2002
410,Suzuki,XL7,2008
411,Pontiac,GTO,1964
412,Volvo,V50,2009
413,Subaru,Impreza WRX,2011
414,Hummer,H2,2008
415,Buick,Lucerne,2006
416,Chrysler,300M,2000
417,Mitsubishi,Pajero,2001
418,Chevrolet,Suburban 2500,1994
419,Land Rover,Range Rover,2011
420,Kia,Rio,2005
421,Nissan,Pathfinder,2010
422,Hyundai,Tucson,2005
423,Chevrolet,Silverado 3500,2009
424,Kia,Optima,2008
425,Nissan,Murano,2003
426,GMC,Yukon XL 2500,2008
427,Chrysler,300M,2001
428,Mercedes-Benz,CLK-Class,2008
429,Buick,Riviera,1997
430,Dodge,Dakota,1994
431,Infiniti,G35,2004
432,Mazda,MX-5,2000
433,Mitsubishi,Pajero,2005
434,Pontiac,Solstice,2007
435,Toyota,Prius,2004
436,Honda,Civic,1985
437,Chrysler,Voyager,2002
438,Toyota,Celica,1994
439,Pontiac,Grand Prix Turbo,1990
440,Infiniti,QX,2002
441,Pontiac,Grand Am,2005
442,Mitsubishi,Galant,1991
443,Isuzu,Amigo,1998
444,Lexus,RX Hybrid,2012
445,Toyota,Prius,2011
446,Mercedes-Benz,300D,1993
447,BMW,7 Series,2006
448,Mitsubishi,Chariot,1990
449,Volkswagen,Eurovan,1999
450,Hyundai,Elantra,2004
451,Bentley,Continental,2007
452,Chrysler,Cirrus,1995
453,Hummer,H3,2007
454,Saturn,Relay,2007
455,Dodge,Ram,2011
456,Porsche,911,2012
457,Oldsmobile,Aurora,2002
458,Maybach,62,2011
459,Mitsubishi,Lancer,2006
460,Chevrolet,Corvette,1962
461,Jaguar,XF,2011
462,Mercury,Villager,1993
463,Audi,S5,2010
464,Aston Martin,DBS,2009
465,Eagle,Talon,1992
466,Chevrolet,S10,2000
467,Ford,Ranger,1984
468,Chevrolet,Sportvan G30,1995
469,Ford,F-Series,1987
470,Mercedes-Benz,S-Class,2012
471,Saab,900,1986
472,Volkswagen,rio,1995
473,Pontiac,Sunbird,1984
474,Mercury,Grand Marquis,2003
475,Audi,A6,2012
476,Dodge,Ram Van 2500,2003
477,Toyota,Camry Hybrid,2011
478,Ford,Crown Victoria,2009
479,Volkswagen,Scirocco,1985
480,Porsche,911,1991
481,MINI,Cooper Clubman,2008
482,Buick,Skyhawk,1987
483,Pontiac,Grand Am,1985
484,Buick,Terraza,2006
485,Panoz,Esperante,2007
486,Acura,ZDX,2012
487,Mazda,B-Series,1994
488,Buick,Riviera,1987
489,BMW,X6,2009
490,Mitsubishi,Truck,1987
491,Lincoln,Navigator,2004
492,Toyota,FJ Cruiser,2009
493,Audi,A4,2000
494,Ford,E350,2007
495,Lexus,RX,2011
496,Oldsmobile,Bravada,1998
497,Land Rover,Range Rover,1991
498,Audi,S8,2008
499,Suzuki,Grand Vitara,2007
500,Pontiac,GTO,1965
501,Subaru,Impreza,2002
502,Subaru,Forester,2011
503,Plymouth,Neon,1999
504,Isuzu,Amigo,1992
505,Maserati,Coupe,2006
506,Cadillac,SRX,2010
507,GMC,Yukon,2006
508,Dodge,Grand Caravan,2001
509,Nissan,300ZX,1993
510,Jaguar,XJ Series,1999
511,Toyota,Celica,1976
512,Saab,9-2X,2005
513,Subaru,Alcyone SVX,1996
514,Audi,4000s,1985
515,Mitsubishi,Cordia,1986
516,Mercedes-Benz,E-Class,2010
517,Aston Martin,DBS,2011
518,Jeep,Liberty,2009
519,GMC,Savana 2500,1999
520,Plymouth,Neon,2001
521,Scion,tC,2005
522,Buick,Terraza,2005
523,Pontiac,Grand Prix,1967
524,Chevrolet,Suburban 1500,2009
525,Buick,Regal,1990
526,Chevrolet,Corvette,1973
527,Hummer,H3T,2009
528,Lincoln,Continental,1989
529,Pontiac,GTO,2006
530,MINI,Cooper,2008
531,Mitsubishi,Truck,1988
532,Chevrolet,Suburban 1500,1996
533,Hyundai,Entourage,2008
534,Honda,Odyssey,2009
535,MINI,Cooper,2003
536,Saturn,Relay,2006
537,Geo,Prizm,1994
538,Toyota,Land Cruiser,2004
539,Honda,Odyssey,2007
540,Cadillac,XLR,2008
541,Lincoln,Continental,1988
542,Suzuki,Esteem,1995
543,Nissan,Quest,2009
544,Ford,Mustang,1971
545,Chevrolet,Tahoe,1995
546,Ford,Mustang,1992
547,Volkswagen,Jetta,2006
548,Maserati,430,1990
549,Hummer,H1,1997
550,BMW,645,2005
551,BMW,6 Series,2009
552,Pontiac,Fiero,1984
553,Ford,Bronco,1995
554,Mercedes-Benz,600SEC,1993
555,Acura,TL,2010
556,Lexus,RX Hybrid,2007
557,Subaru,Legacy,1994
558,Nissan,Versa,2010
559,Lexus,LS,1992
560,Subaru,Outback,2001
561,Chevrolet,Corvette,1994
562,Pontiac,Vibe,2010
563,Jeep,Wrangler,2011
564,Lexus,IS,2010
565,Toyota,Matrix,2004
566,Rolls-Royce,Phantom,2006
567,Cadillac,Eldorado,1994
568,Volvo,XC90,2008
569,Toyota,Sequoia,2012
570,Volkswagen,Corrado,1992
571,Chevrolet,Express,2006
572,Land Rover,Range Rover,1989
573,GMC,Rally Wagon G2500,1995
574,Aston Martin,DB9,2012
575,Chrysler,Sebring,2008
576,Subaru,Outback,2006
577,Ford,Fusion,2012
578,Ford,Fusion,2013
579,Toyota,Tacoma,1996
580,Buick,Regal,2012
581,Acura,SLX,1999
582,BMW,M3,2006
583,Pontiac,Parisienne,1986
584,Ford,LTD,1984
585,Lincoln,Aviator,2004
586,Mercedes-Benz,E-Class,2012
587,Acura,Integra,1997
588,Lamborghini,Murciélago,2002
589,Daewoo,Nubira,2002
590,Saab,900,1989
591,Chevrolet,Equinox,2005
592,Chrysler,LHS,2001
593,Toyota,Tercel,1996
594,Jaguar,S-Type,2002
595,Chrysler,Town & Country,2002
596,Acura,NSX,2005
597,Audi,Q7,2012
598,Pontiac,LeMans,1991
599,Saab,900,1986
600,Buick,Regal,1997
601,Toyota,Tacoma,2007
602,Chrysler,Pacifica,2007
603,Honda,Odyssey,2001
604,Eagle,Summit,1993
605,Saab,9-5,2005
606,Ford,F150,2007
607,Toyota,TundraMax,2008
608,Infiniti,QX,2010
609,Plymouth,Acclaim,1992
610,Toyota,MR2,1993
611,Volkswagen,Vanagon,1984
612,Chevrolet,2500,1992
613,Lincoln,Navigator,2004
614,Buick,Park Avenue,2004
615,Maserati,GranTurismo,2011
616,Buick,Riviera,1995
617,BMW,745,2003
618,Audi,S4,2009
619,Suzuki,Samurai,1994
620,Buick,Rendezvous,2004
621,Lexus,SC,1993
622,Kia,Borrego,2009
623,Suzuki,Reno,2008
624,Mercury,Mystique,1995
625,Jeep,Grand Cherokee,2008
626,Lexus,LX,2004
627,Buick,Regal,1995
628,Saturn,VUE,2005
629,Mercury,Grand Marquis,2007
630,Volkswagen,Jetta III,1994
631,Mazda,B-Series,2009
632,Nissan,370Z,2009
633,BMW,M3,2012
634,Chevrolet,Cruze,2011
635,Nissan,350Z,2007
636,Mazda,B-Series,1990
637,Porsche,Cayenne,2012
638,Acura,TL,2001
639,Lexus,LS,2006
640,Mitsubishi,Diamante,1992
641,Hyundai,Sonata,2001
642,Ford,E-Series,1995
643,Eagle,Talon,1991
644,GMC,Sonoma Club Coupe,1995
645,Infiniti,QX56,2011
646,Mitsubishi,Excel,1988
647,Mercedes-Benz,SL-Class,2006
648,GMC,Sierra 2500,2006
649,Pontiac,Bonneville,2005
650,Mercury,Mystique,1996
651,Ford,F-Series,1996
652,Spyker,C8,2006
653,Oldsmobile,LSS,1999
654,GMC,Suburban 2500,1997
655,Maserati,Spyder,2004
656,Chrysler,300C,2005
657,Chevrolet,Silverado,2007
658,Mazda,MX-6,1989
659,BMW,M5,2006
660,GMC,Safari,2003
661,Audi,A4,1996
662,Volvo,XC90,2003
663,Toyota,Echo,2000
664,Mercedes-Benz,Sprinter,2010
665,Chevrolet,Express 1500,1998
666,Mercury,Mountaineer,2006
667,Land Rover,Discovery,2010
668,Volvo,850,1995
669,Kia,Sephia,1995
670,Acura,Integra,1988
671,Mercedes-Benz,M-Class,2010
672,Suzuki,Vitara,2001
673,Kia,Rondo,2008
674,Mercedes-Benz,300E,1992
675,Suzuki,SJ,1992
676,Bentley,Azure,2007
677,Chevrolet,Metro,1998
678,Mercedes-Benz,G-Class,2008
679,Chevrolet,Silverado,2006
680,BMW,525,2006
681,GMC,Savana 1500,2010
682,Ford,Mustang,1985
683,Pontiac,Vibe,2004
684,Chevrolet,Astro,2001
685,Jeep,Commander,2007
686,Subaru,Outback,2008
687,Toyota,Tacoma Xtra,1996
688,Ford,Escort ZX2,2003
689,Mercedes-Benz,GLK-Class,2010
690,Ford,Taurus,2004
691,BMW,X5 M,2012
692,BMW,530,2004
693,Spyker,C8,2005
694,Hyundai,Elantra,2001
695,GMC,Envoy,1999
696,Ford,Aerostar,1994
697,Mitsubishi,Diamante,1999
698,Infiniti,Q,1993
699,Lamborghini,Gallardo,2005
700,Infiniti,M,2012
701,Suzuki,SJ,1989
702,Pontiac,Torrent,2007
703,Mercury,Sable,2000
704,Kia,Sorento,2009
705,Infiniti,Q,2004
706,Dodge,Dakota Club,1998
707,Volkswagen,Golf,2002
708,Audi,A7,2012
709,Ram,Dakota,2011
710,Cadillac,CTS-V,2009
711,Hyundai,Santa Fe,2001
712,Acura,NSX,1996
713,Ford,Thunderbird,2006
714,Lincoln,Town Car,1986
715,Infiniti,FX,2006
716,Audi,A4,2009
717,Volkswagen,Jetta,2001
718,Mitsubishi,Lancer,2012
719,Chevrolet,1500,1994
720,Infiniti,M,2007
721,Chevrolet,Sportvan G10,1992
722,Chevrolet,Corsica,1996
723,Dodge,Avenger,2008
724,Suzuki,Kizashi,2011
725,Suzuki,Forenza,2004
726,Toyota,Solara,2002
727,Audi,S4,2002
728,Chevrolet,Blazer,1998
729,Dodge,Ram 1500 Club,1997
730,Mercedes-Benz,W201,1985
731,Chevrolet,2500,1994
732,Lincoln,Mark VIII,1998
733,GMC,Savana 1500,2004
734,Spyker,C8,2005
735,Ford,E150,2010
736,Mercedes-Benz,M-Class,2002
737,Pontiac,Montana,2005
738,Buick,LeSabre,2000
739,Chevrolet,Astro,2003
740,Ford,Mustang,1998
741,BMW,1 Series,2012
742,Nissan,Sentra,1992
743,Toyota,Camry,2006
744,Land Rover,LR3,2006
745,Acura,Legend,1993
746,BMW,Z8,2002
747,BMW,530,2003
748,GMC,3500 Club Coupe,1994
749,Ford,E250,2010
750,Ford,Expedition,2005
751,Volvo,S70,1998
752,Hyundai,Elantra,1993
753,Hyundai,Accent,1996
754,Plymouth,Grand Voyager,1994
755,Chevrolet,Monza,1975
756,Volvo,V90,1997
757,Volvo,XC70,2004
758,Saab,9000,1986
759,Chevrolet,Caprice,1992
760,Ford,Expedition,2002
761,Chrysler,PT Cruiser,2009
762,GMC,Envoy,2007
763,Chevrolet,Silverado 3500,2001
764,Scion,tC,2011
765,Honda,Ridgeline,2011
766,Kia,Sephia,1999
767,Saturn,S-Series,1999
768,Cadillac,SRX,2009
769,Audi,5000S,1985
770,BMW,7 Series,2008
771,Volkswagen,Jetta,2007
772,Nissan,Frontier,2005
773,Kia,Sedona,2003
774,Land Rover,Freelander,2004
775,Land Rover,Range Rover,1992
776,GMC,Safari,2003
777,Mazda,B-Series,1999
778,Chevrolet,Venture,2003
779,Saab,9000,1986
780,Mercedes-Benz,CLS-Class,2009
781,Bentley,Arnage,2007
782,Kia,Rio,2001
783,Honda,Accord,1993
784,Audi,S4,2005
785,Mitsubishi,Diamante,1995
786,GMC,Rally Wagon G3500,1995
787,GMC,Savana 2500,2000
788,Chevrolet,Equinox,2009
789,Bentley,Continental GT,2007
790,Ford,F350,2005
791,Maserati,GranTurismo,2008
792,Jeep,Patriot,2011
793,Toyota,Camry,2010
794,Buick,Coachbuilder,1994
795,Pontiac,Montana,2004
796,Dodge,Dakota Club,1995
797,Hyundai,Elantra,2003
798,Dodge,Ram 2500 Club,1999
799,Mercedes-Benz,CLK-Class,1999
800,Subaru,Legacy,2008
801,Dodge,Dakota,2005
802,Mazda,CX-7,2011
803,Acura,Integra,2000
804,Kia,Mentor,1997
805,Mercedes-Benz,SL-Class,2007
806,Lexus,HS,2011
807,Mercedes-Benz,CL-Class,1998
808,Toyota,Avalon,1999
809,Mazda,Familia,1988
810,Acura,RSX,2006
811,Ford,F350,2006
812,Audi,Q5,2009
813,Geo,Prizm,1994
814,Volkswagen,GTI,2006
815,Pontiac,Sunfire,2002
816,Subaru,Forester,2000
817,Ford,F450,2009
818,Volvo,XC90,2004
819,BMW,M Roadster,2007
820,BMW,7 Series,2007
821,Ford,Taurus,1990
822,BMW,M3,2003
823,Dodge,Ram 3500,1994
824,Daewoo,Lanos,2001
825,Porsche,Boxster,2005
826,Dodge,Ram 1500,1994
827,Lamborghini,Gallardo,2006
828,Ferrari,California,2010
829,Mercedes-Benz,CLK-Class,2008
830,Infiniti,QX,2002
831,Geo,Metro,1995
832,Plymouth,Laser,1992
833,GMC,Envoy,2002
834,Volvo,S80,2010
835,Chrysler,Aspen,2007
836,Dodge,Charger,2007
837,Subaru,Impreza,1998
838,Chevrolet,Impala,1994
839,Toyota,Corolla,2000
840,Ford,Expedition,2006
841,Ford,Club Wagon,1997
842,Ford,Crown Victoria,1997
843,Land Rover,LR3,2006
844,Mercury,Milan,2011
845,Dodge,Grand Caravan,1996
846,Ford,Econoline E150,2000
847,Ford,Explorer,2012
848,Dodge,Dakota Club,1997
849,Ford,Festiva,1989
850,Morgan,Aero 8,2008
851,GMC,Savana Cargo Van,2006
852,Mazda,Mazdaspeed 3,2009
853,Toyota,Avalon,2006
854,Ford,Transit Connect,2011
855,Chevrolet,Caprice,1996
856,Land Rover,Range Rover,2001
857,Chevrolet,Cavalier,1993
858,Chevrolet,Caprice,1983
859,Ford,F450,2012
860,BMW,600,1957
861,Volkswagen,Eos,2010
862,Ford,Escort,1987
863,Jeep,Grand Cherokee,1994
864,Chrysler,Town & Country,1996
865,Infiniti,I,1997
866,Jeep,Grand Cherokee,2008
867,Ford,E250,2009
868,Mazda,Protege,1996
869,Chevrolet,Avalanche 1500,2002
870,Ford,Explorer,2010
871,Aston Martin,DB9,2009
872,Maybach,57,2003
873,Lincoln,Mark VIII,1998
874,Suzuki,Grand Vitara,2011
875,Saturn,Aura,2008
876,GMC,3500,1994
877,Suzuki,Daewoo Magnus,2004
878,Volkswagen,GTI,1993
879,Dodge,Ram Van 1500,1996
880,Panoz,Esperante,2005
881,Mercedes-Benz,500E,1992
882,Jaguar,XF,2010
883,Hyundai,Santa Fe,2005
884,Dodge,Durango,2003
885,Mazda,B-Series Plus,1998
886,Acura,TSX,2005
887,Hyundai,Sonata,1997
888,Ford,Explorer,2003
889,Honda,CR-V,2006
890,Ford,Escort,1997
891,Plymouth,Laser,1993
892,Ford,Mustang,1999
893,Mitsubishi,Eclipse,2012
894,Toyota,Corolla,2005
895,Oldsmobile,Bravada,1994
896,Oldsmobile,Bravada,1993
897,Pontiac,LeMans,1991
898,Subaru,Forester,1998
899,Chevrolet,G-Series G30,1992
900,Subaru,Leone,1985
901,Bentley,Mulsanne,2011
902,Ford,Mustang,1999
903,Lincoln,MKX,2009
904,Audi,90,1988
905,Mazda,Miata MX-5,2011
906,Lexus,SC,1992
907,Chevrolet,3500,1995
908,Land Rover,Discovery,1999
909,Land Rover,Range Rover Sport,2011
910,Mercury,Grand Marquis,2000
911,Lexus,LX,2007
912,Chevrolet,Express,2011
913,Mercedes-Benz,S-Class,2009
914,GMC,2500,1996
915,Toyota,4Runner,2004
916,Saab,900,1985
917,Cadillac,XLR,2006
918,Saturn,L-Series,2002
919,Pontiac,Vibe,2010
920,Toyota,Land Cruiser,1996
921,Volvo,C30,2010
922,Mercedes-Benz,SLK-Class,1997
923,Volkswagen,Routan,2012
924,Suzuki,XL-7,2004
925,Volkswagen,GTI,2012
926,Plymouth,Laser,1989
927,Dodge,Ram 3500,1994
928,Audi,100,1989
929,Mazda,MX-5,2002
930,MINI,Cooper,2010
931,Subaru,Brat,1987
932,Mazda,B-Series,1987
933,Honda,CR-V,2006
934,Bentley,Continental Flying Spur,2011
935,Nissan,350Z,2004
936,Mitsubishi,Outlander Sport,2011
937,Pontiac,Fiero,1987
938,Suzuki,Swift,1989
939,Toyota,Avalon,1998
940,Kia,Amanti,2008
941,Infiniti,I,1996
942,Rolls-Royce,Ghost,2011
943,Chevrolet,Camaro,1974
944,Suzuki,Daewoo Magnus,2006
945,Chevrolet,Malibu,1998
946,Geo,Metro,1996
947,Pontiac,Grand Prix,1966
948,Buick,Skylark,1989
949,GMC,Yukon XL 2500,2013
950,Hyundai,XG350,2004
951,Ford,Explorer,2013
952,Volvo,C70,2000
953,Ford,Bronco II,1987
954,Mitsubishi,Lancer,2001
955,GMC,Yukon XL 2500,2013
956,Toyota,Land Cruiser,2003
957,Saab,9-5,2004
958,Chevrolet,Express 1500,2009
959,Audi,A8,2008
960,Buick,Park Avenue,1991
961,Pontiac,Sunfire,2001
962,Honda,CR-Z,2011
963,Nissan,350Z,2007
964,Volkswagen,Passat,2006
965,Ford,Bronco II,1986
966,Mazda,626,2000
967,Audi,A6,2006
968,Volkswagen,Golf,2012
969,GMC,Savana 1500,2012
970,Nissan,Titan,2009
971,Oldsmobile,Aurora,1998
972,Lotus,Esprit,1993
973,MINI,Cooper,2009
974,Eagle,Summit,1992
975,Audi,Quattro,1992
976,Ford,Club Wagon,1997
977,Pontiac,Aztek,2004
978,Ford,LTD Crown Victoria,1988
979,Chevrolet,3500,1993
980,Ford,Laser,1984
981,Mercury,Cougar,1995
982,Dodge,Dakota,1999
983,Hyundai,Veracruz,2010
984,Plymouth,Volare,1976
985,Kia,Sedona,2011
986,Volvo,S60,2001
987,Mercedes-Benz,C-Class,2008
988,Ford,Bronco,1990
989,Land Rover,LR2,2009
990,BMW,Z3,1997
991,Chevrolet,Blazer,2004
992,Chevrolet,Avalanche,2002
993,Saturn,Ion,2006
994,Chevrolet,Lumina,1997
995,Chevrolet,Silverado 3500,2006
996,Pontiac,GTO,1974
997,Dodge,Dakota Club,2000
998,GMC,Suburban 2500,1993
999,Mercury,Topaz,1988
1000,Ford,F-Series,1995
